JAN,Type,商品名,国,産地,葡萄品種,生産年,容量 ml,希望小売価格,UMAP1,UMAP2,PC1,PC2,PC3,PC4,PC5,PC6,PC7,PC8
850755000028,White,オー・ボン・クリマ シャルドネ サンタ バーバラ カウンティー,アメリカ,カリフォルニア,シャルドネ,2022,750.0,4400.0,6.23734,2.1711552,0.2129863924344704,1.3440870447060287,2.023932640251637,1.4761417912083692,0.7165445099806592,4.17588828039895,-1.2079378170372466,0.8641899115505737
850832004260,White,ブレッド＆バター シャルドネ,アメリカ,カリフォルニア,シャルドネ,2021,750.0,3980.0,5.981959,3.3759015,0.458636406745917,2.8118686696085797,2.0271526243227287,1.2070060951058224,9.00888935328712,-2.6841777039451182,-7.248531068648281,8.13606027946008
4524919310709,White,シャンモリ 山梨県産葡萄使用 甲州,日本,山梨県,甲州,NV,720.0,1300.0,5.7402635,2.942446,-3.290869016301162,8.498363678053101,1.5326192386588104,-3.0832318266452283,0.5540013504585533,8.590305702576511,3.186949011747889,-0.39378347815934245
4901777301702,White,ダークホース シャルドネ,アメリカ,カリフォルニア,シャルドネ　ヴィオニエ　ゲヴュルツトラミネール,2022,750.0,1477.0,6.235065,2.8992841,-2.762914231786467,1.3379851612176816,1.9099184478278852,0.8172444435529019,4.239048150811307,-0.31856646977053554,-4.028256004797833,0.9064933837316671
4935919044714,Red,コート　デュ　ローヌ　ヴィエイユ　ヴィーニュ,フランス,コート　デュ　ローヌ,シラー,2022,750.0,2000.0,2.1952412,5.571098,6.04467232108741,-2.5027667779545966,3.0454682271490423,-0.7359848891385075,-0.35093607104261443,-1.828990382680882,1.0845461270505243,-2.65946172843033
4935919045049,Red,ペイ　ドック　カベルネ　ソーヴィニヨン,フランス,ラングドック　ルション,カベルネ　ソーヴィニヨン,2022,750.0,1400.0,3.067829,4.374547,1.0220978528906919,-2.7317499633089026,-0.7858560355436309,-2.7531820339785047,-0.9692697376044365,-0.2587505063782583,-0.22540325596041041,-1.5121294263293545
4935919046091,White,ペイ　ドック　シャルドネ　キュヴェ　ド　ブリュ,フランス,ラングドック　ルション,シャルドネ,2022,750.0,1700.0,5.254828,1.8318871,-5.691317980537436,-1.1853814550528967,0.5187443694854769,-0.03606919247521722,1.471268281273389,0.6274100848021342,-0.3397836440166319,-0.685470335460277
4935919049924,Red,コート　デュ　ローヌ　ルージュ　ル　プティ　アンデゾン,フランス,コート　デュ　ローヌ,シラー（2／3）、グルナッシュ（1／3）,2022,750.0,1700.0,2.503681,4.477877,3.66466603371457,-2.0334806647454973,2.9946790629526134,-2.1190803075287103,-1.5294233805373387,-1.5824681069184643,1.594693840791156,0.1957902715268537
4935919050357,Red,モンテプルチャーノ　ダブルッツォ,イタリア,アブルッツォ,モンテプルチャーノ,2018,750.0,1900.0,3.2251399,5.829533,4.076327362827248,-2.1357673910480153,-1.7756876267940742,1.2406495985482526,0.810185820382484,0.9739346689176152,-0.7751102586029783,-1.5899434312244263
4935919050562,Red,ファンティーニ　モンテプルチャーノ　ダブルッツォ,イタリア,アブルッツォ,モンテプルチャーノ,2022,750.0,1800.0,4.4304175,5.6642785,0.7209347723612923,2.590922542434169,-9.775390239973065,11.589258130415839,-3.979393103835517,3.314126071765996,0.22104607532574652,0.07677531541125165
4935919050579,White,ファンティーニ　トレッビアーノ　ダブルッツォ,イタリア,アブルッツォ,トレッビアーノ,2023,750.0,1800.0,4.903043,2.345452,-5.946720813258987,-0.49162717816351303,-0.530511422216725,-1.12406427733144,-0.8057328855239573,-0.6666994343898418,0.8267758959972202,0.5861096155466163
4935919050883,Red,ファンティーニ　サンジョヴェーゼ　テッレ　ディ　キエティ,イタリア,アブルッツォ,サンジョヴェーゼ,2023,750.0,1800.0,3.9103088,5.511546,7.091604258574119,2.3107977224313982,0.37629664200336077,-0.29215113793496866,1.5404185667250656,-4.349900170175742,1.0646189892137607,0.46214966430109206
4935919052504,White,ファレーリオ,イタリア,マルケ,トレッビアーノ50％、パッセリーナ30％、ペコリーノ20％,2023,750.0,1700.0,4.4576993,2.9165006,-2.848046058142033,-0.2721293140380704,2.4640825129928414,-4.144749142081943,-1.9468938622807348,3.376794187229824,0.46866821987352403,-0.11554947357928745
4935919052726,White,ファンティーニ　シャルドネ,イタリア,アブルッツォ,シャルドネ,2023,750.0,1800.0,5.0269585,2.0467687,-4.684040548584354,0.426107921432261,-0.3169795531099364,-1.390380526302206,1.1918675663519247,-1.132554041246807,0.3331495255138016,-0.458317079496895
4935919053150,Red,ファンティーニ　プリミティーヴォ,イタリア,プーリア,プリミティーヴォ,2021,750.0,1800.0,4.1003385,5.203542,7.9346805365140805,6.795749475181054,-0.4029967024776555,-0.23589613516559416,0.24068227523601582,-2.7275609470344473,2.1024153367564193,0.520986528953988
4935919053266,Red,ロッソレアーレ,イタリア,アブルッツォ,サンジョヴェーゼ,2023,750.0,1350.0,3.74872,5.076652,4.147548750263789,-0.20119282725342538,-3.1773330656737264,-0.03807411322798685,-0.012242960340117494,1.3873255813713414,-0.5033745462247627,-0.004692081778771324
4935919054034,Red,モリ　ロッソ,イタリア,モリーゼ,モンテプルチャーノ80%、アリアーニコ20%,2022,750.0,2000.0,3.2372615,5.4993634,5.006730787635524,-1.8875682918753407,-1.587797504228337,2.05788902354093,-0.40945468963624054,0.06666319450731252,0.6644269735529894,0.5960167086748683
4935919054836,Red,ピエモンテ　バルベーラ,イタリア,ピエモンテ,バルベーラ,2019,750.0,1700.0,2.5144575,6.0009875,15.68844126942519,1.4439769395876454,13.796347691838154,2.428399793820561,-7.498449231409266,6.6919455588931696,5.877457045298146,16.322634407700715
4935919054874,Red,ザブ　ネーロ　ダーヴォラ,イタリア,シチリア,ネーロ　ダーヴォラ,2022,750.0,1600.0,2.5142605,5.68348,6.4988412599201055,1.068953822839116,1.1378038347663353,0.7610232412254411,-1.3457432118820816,2.2098591310474163,-1.8510696284121742,-0.15458661908157495
4935919054980,White,ファンティーニ　ピノ　グリージョ,イタリア,シチリア,ピノ　グリージョ,2023,750.0,1900.0,5.0739865,1.6301577,-2.6728361323340586,-0.016749475173184758,3.7905340158362884,-1.7004822050133783,-0.6313594934642064,-3.5245022018244176,2.096768535714401,-1.8709256734596469
4935919055352,Red,ザブ　シラー,イタリア,シチリア,シラー,2022,750.0,1700.0,2.843555,5.406463,5.668506389251706,1.6755468115064758,-1.0654683357714765,-0.45346528605651915,-2.088972628746455,0.6291885484562144,-0.8647238782584482,-1.0719465487985957
4935919055406,White,ジ　ガルガネガ,イタリア,ヴェネト,ガルガネガ,2022,750.0,1600.0,5.756573,2.5891488,-4.492704972208263,0.9029820995085571,1.5978545083399656,-0.21649431316261683,0.08499228124481659,1.1800666792834567,-0.46449609466896086,0.9453846143609849
4935919055413,White,エッセ　ソアーヴェ,イタリア,ヴェネト,ガルガネガ,2023,750.0,1700.0,5.336827,1.7657933,-5.695880552163708,0.18844579352027038,-0.3698992607628383,-0.44525446822845055,1.33882398361056,-0.056798873864144075,-0.27473884863473413,-0.19244393913749985
4935919055420,White,チ　シャルドネ,イタリア,ヴェネト,シャルドネ,2023,750.0,1700.0,5.832496,2.0020962,-4.012488046351419,1.076216168618933,6.266302613636614,-1.057589590457579,0.009726301013848214,0.9548373579855794,-0.6220106468256594,1.0610612276655718
4935919055437,Red,チ　コルヴィーナ,イタリア,ヴェネト,コルヴィーナ,2023,750.0,1600.0,3.9676273,3.649414,0.11818949979506344,-0.8732465447779572,-2.759321759556384,-1.9439302183181384,-0.22328809676588054,-0.556345414812239,-0.1034873432023272,0.9194394076981098
4935919055505,White,ヴェレノージ　パッセリーナ,イタリア,マルケ,パッセリーナ,2022,750.0,2100.0,6.519166,1.5209996,-4.230890819517165,1.1188065427983502,-0.1004795943715795,4.4093582976068895,-0.7539278805469085,0.6531573766796199,2.673400779929174,-0.09294920212065014
4935919055604,Spa,プライヴェート　キュヴェ　ブリュット,イタリア,ヴェネト,グレラ60％、シャルドネ25％、モスカート15％,NV,750.0,1600.0,4.901279,3.3987324,-4.005185780238667,3.3243001805628687,-1.9664531554772666,-1.3800135137844813,-1.2669703811717923,-2.3204537267924783,2.552043144969051,1.328535353394936
4935919055833,Red,サリチェ　サレンティーノ　ロッソ　フォルテ　インカント,イタリア,プーリア,ネグロアマーロ80％、マルヴァジア　ネーラ20％,2021,750.0,1600.0,3.8858848,4.660271,5.540556580548688,1.2505809040209688,-3.3646236060468224,-1.311519729453448,0.732952556817217,-1.5104238980275335,-0.8748313702408747,0.5155131744184326
4935919055970,Red,ロッソ　ピチェーノ,イタリア,マルケ,モンテプルチャーノ７０％、サンジョヴェーゼ３０％,2021,750.0,1700.0,2.3792655,5.688497,5.308176767529836,-0.1309663325540707,1.0683119499737024,-1.0767312036435934,-2.0961049912047427,0.48671308095338356,-0.16954165745996325,-0.3224653216418085
4935919055987,Red,モンテプルチャーノ　ダブルッツォ,イタリア,アブルッツォ,モンテプルチャーノ,2022,750.0,1700.0,2.1561663,4.3111334,2.603510039888648,0.04520752227357943,-1.3542238002804263,-2.4095452057552365,-1.069890165768683,-0.6775524768215827,0.4238927194704503,-0.5551149083526777
4935919056229,White,ザブ　グリッロ,イタリア,シチリア,グリッロ,2023,750.0,1600.0,4.435277,2.196489,-5.622261514150467,-1.809937996581743,-0.9286857271786035,-1.710749081547037,0.9192747151583988,-0.4168271460588504,0.3197778618397179,0.4351948739748517
4935919056397,Red,コメ,イタリア,ヴェネト,コルヴィーナ、ロンディネッラ主体,2019,750.0,1700.0,4.189317,4.1182904,1.7917200592079099,1.4739908771808259,-3.0304848362667127,-3.0215351028954367,-0.6297975801885674,-1.3234521019447676,0.5324188650072708,1.0706646536119897
4935919056731,Red,イ　ムーリ　ネグロアマーロ,イタリア,プーリア,ネグロアマーロ,2022,750.0,2000.0,4.299324,5.617086,4.397719278628141,4.95111727257013,-7.4459388903315,11.122577396422308,-0.7414828166984229,2.6104631214553966,-1.8902897345500174,1.1803375032426313
4935919057165,White,トレッビアーノ　ダブルッツォ　スペリオーレ,イタリア,アブルッツォ,トレッビアーノ,2023,750.0,1900.0,6.3727794,1.8048874,-3.8393955041139316,-0.1244074986275037,-0.7493219111441549,2.430363481981868,0.14260393153060064,0.3878905396518636,1.170800968234816,0.03413454046321432
4935919057615,Spa,リゾーロ　フリッツァンテ　セッコ,イタリア,ヴェネト,グレラ主体、他,NV,750.0,1700.0,5.4452677,2.7072473,-3.712741503707377,-1.011704101177208,3.0629965647848443,-2.4055485278349247,-1.6906480994100908,0.6704044317714455,0.3563043468875211,-0.7007383073369626
4935919057950,White,イル　ビアンコ,イタリア,マルケ,ヴェルディッキオ、トレッビアーノ、他,2022,750.0,1700.0,4.828854,1.1981426,-6.236422562505434,-0.8718675105056122,2.222873915344305,-1.3841335753767068,-2.825205187350518,0.7247800121233263,0.6847736428917377,-2.3430395012999226
4935919057967,White,ヴェルディッキオ　デイ　カステッリ　ディ　イエージ　クラッシコ,イタリア,マルケ,ヴェルディッキオ,2023,750.0,2100.0,5.1177535,1.2298374,-5.898493318019232,-0.5823181282265245,4.370642322960136,-0.7757640838766438,0.7058296136731074,-0.29279196170338795,0.9811538973984638,-2.3190268266105276
4935919058186,White,ビアンコ　トスカーナ,イタリア,トスカーナ,マルヴァジア、トレッビアーノ、他,NV,750.0,1600.0,5.8875036,2.6997864,-3.205333809116879,2.674285761288257,1.7989807074613278,1.0800819330584914,-0.29117722359143194,0.650922325749989,-1.4398753502392863,1.2037260217914887
4935919058193,Red,ロッソ　トスカーナ,イタリア,トスカーナ,サンジョヴェーゼ、メルロ,NV,750.0,1600.0,4.251541,4.7691174,3.750301971809761,1.9899362365818554,-2.4007167008224894,-1.132252302615586,0.8021095398698959,-1.2382688589486501,-0.9817704440737466,0.4985539267275315
4935919058513,Spa,ポルタ　モンティカーノ　ロゼ　エクストラ　ドライ,イタリア,ヴェネト,ラボーゾ　ヴェロネーゼ、他,NV,750.0,1900.0,4.9484367,2.7221622,-2.9441087786519704,4.496758587556102,3.5389651089773664,-3.224667263694204,-4.136128510983543,-2.11732493868437,-0.47553390321720673,-1.126671255660097
4935919058605,White,コントログエッラ　パッセリーナ,イタリア,アブルッツォ,パッセリーナ,2022,750.0,1900.0,6.715827,1.5650045,-9.813846374910385,1.8633504743806315,-6.83138700357904,18.023269845361536,-6.346706489486723,4.03303678682164,13.497698220739297,-2.5996783640183816
4935919059435,White,クストーツァ,イタリア,ヴェネト,ガルガネガ、トレッビアーノ　トスカーノ、トカイ　フリウラーノ,2023,750.0,1300.0,4.0058427,2.516657,-7.290189199048169,-1.0871994995653445,-3.0300529530429205,-1.5188593719502126,0.1352917479766015,0.21428239869695428,-0.18558084058054214,1.715992878801745
4935919059442,Rose,バルドリーノ　キアレット,イタリア,ヴェネト,コルヴィーナ、モリナーラ、ロンディネッラ,2023,750.0,1300.0,5.5464373,1.8768293,-3.157314726436226,0.7641090830257599,2.4507905303267536,-0.47152985364083894,1.2378362873299646,-1.2629281785245527,1.3882135047545054,-0.3649224668314771
4935919059459,Red,バルドリーノ,イタリア,ヴェネト,コルヴィーナ、モリナーラ、ロンディネッラ,2023,750.0,1300.0,3.709229,3.0845912,-3.165652799559989,-1.5414341052861515,-6.213302308908458,-2.716187400888794,-0.7520320800558762,0.7156851159951768,-0.26837236530418046,1.9115764832914892
4935919059466,Red,ガルダ　メルロ,イタリア,ヴェネト,メルロ,2022,750.0,1300.0,3.695303,3.9234645,0.6437258367970036,-1.3395122559107162,-3.413142957724376,-1.9787168650329348,-0.6271306690962102,-0.4565339190343743,0.32962498010505975,0.67308187533946
4935919059473,White,デッレ　ヴェネツィエ　ピノ　グリージョ,イタリア,ヴェネト,ピノ　グリージョ,2023,750.0,1500.0,4.713551,1.7399532,-6.475994475552707,0.7611175511020696,0.020218987004846183,-0.21904019327002894,0.5133480835318607,-0.06028019908133004,-0.9343674472815006,-0.9630859462363658
4935919059480,Red,ロッソ　デル　モリーノ,イタリア,ヴェネト,カベルネ　ソーヴィニヨン、メルロ,2021,750.0,1600.0,3.7567728,4.327168,1.1870842385465277,-0.309544304343816,-2.8220580124189665,-1.5573166443419437,-0.8199530897724978,1.0435460118931206,0.08650956208467273,1.2648118276108293
4935919059503,White,エコシステマ　シャルドネ　ビオロジコ,イタリア,プーリア,シャルドネ,2023,750.0,2000.0,6.598182,1.6879808,-7.157399411970539,7.122858463602348,-5.422237690192913,12.105623281756028,-7.8423963726233925,-1.9917708937780696,-5.477297819994492,-1.681455044242594
4935919059527,Red,テッレーノ　ネグロアマーロ　ビオロジコ,イタリア,プーリア,ネグロアマーロ,2021,750.0,2000.0,3.751002,6.001617,5.480202037608282,1.6780198134752715,-6.20991061592946,6.789333431409568,-0.04037436639604986,-0.5873884204383855,-2.8823900998192116,2.5623781343778336
4935919059558,Red,パッソ　デル　カルディナーレ　プリミティーヴォ　ディ　マンドゥーリア,イタリア,プーリア,プリミティーヴォ,2022,750.0,2800.0,4.0390916,5.1505327,8.35832271248454,5.83821677499689,-0.6860137204427642,0.5706849387670341,0.19040139368206865,1.4016116291151723,-2.084049003836351,0.7728811970467095
4935919061353,White,ライセス　シャルドネ,アルゼンチン,メンドーサ,シャルドネ,2021,750.0,1800.0,6.15171,1.9255165,-3.4771643860993144,0.4405419061505229,5.874718356517828,0.020918298270684747,-1.0590084332352692,2.588920998371414,0.7996845739394357,-1.440776976036335
4935919061360,Red,ライセス　マルベック,アルゼンチン,メンドーサ,マルベック,2022,750.0,1900.0,2.0785673,5.5316005,5.96431564649268,-0.7787537648586471,0.7489359177630682,-0.6354338011021196,-0.38257562719985955,-0.09099115487540975,-0.6655226779930067,-2.496697921278244
4935919070768,Red,マルケス　デ　ラ　コンコルディア　リオハ　サンティアゴ,スペイン,リオハ,テンプラニーリョ,2021,750.0,2000.0,2.9141953,5.826798,4.858120115150232,-2.361117158844641,2.0327610341224553,0.6528280732552993,0.6193155548560549,-3.9230780533034935,3.154609848058117,-0.27677073177110234
4935919070942,Spa,カバ　セレクション　エスペシャル　ブルット,スペイン,カバ,マカベオ40％、チャレロ30％、パレリャーダ30％,2022,750.0,1800.0,5.2589674,2.985984,-3.6008443456809216,1.520181868055751,0.018997414224546365,-0.40590146216567874,-1.2312092383882438,-1.4787765288695607,2.722337048057641,0.06599280305951323
4935919070959,Spa,カバ　セレクション　エスペシャル　ブルット　ロゼ,スペイン,カバ,モナストレル70％、ピノ　ノワール30％,2020,750.0,1800.0,5.6076703,3.1922345,-1.487673954509972,4.724816060859725,3.20760993975702,-2.658337412284847,-1.715661531687001,-0.043119224546159504,1.013872520967579,1.091257086601118
4935919071024,White,オルキデア,スペイン,ナバラ,ソーヴィニヨン　ブラン,2023,750.0,1900.0,3.828466,2.277005,-7.669524748592179,-3.0510448590537194,-3.1747050786266047,-2.126701296532864,0.6574101390063845,0.48311197196428135,-0.7586755484452428,1.9646376610974827
4935919071048,Red,ノルテ,スペイン,ナバラ,メルロ、カベルネ　ソーヴィニヨン、他,2021,750.0,1800.0,3.2797043,3.6453238,-0.8537127171981159,-3.788590641871812,-3.45852007077382,-2.2486353665038825,-0.32523878777771226,0.08046812936802784,-0.15522972284676018,1.2294898538156813
4935919071079,Red,ナバエルス,スペイン,ナバラ,カベルネ　ソーヴィニヨン、メルロ、他,2020,750.0,1400.0,3.16714,4.0257072,0.0966936509111129,-3.394777919200734,-2.502697095383152,-1.5802465001002761,-0.1454467416108118,-0.027436868485066913,0.07896602411631595,-0.2699383696206155
4935919071239,Red,アシエンダ　ゾリータ,スペイン,カスティーリャ　イ　レオン,テンプラニーリョ,2019,750.0,1800.0,3.0363567,5.9714775,6.808524837862796,-2.3219485953215635,0.7004088730305318,2.2188489271997045,0.8458670954409014,-0.4630244684695243,0.7099370796315714,1.4276045604781342
4935919071598,Red,コモロコ,スペイン,フミーリャ,モナストレル,2022,750.0,1800.0,3.131792,3.6856272,0.6436222183351354,-4.507344727177451,-3.5934822130041875,-1.900103804504464,-0.5317824546853841,0.9726946983535063,-1.39218777148466,0.2399878785775367
4935919071604,Red,ラヤ,スペイン,アルマンサ,ガルナッチャ　ティントレラ70％、モナストレル30％,2022,750.0,1800.0,3.7328017,5.4749713,9.031972375279814,0.560498192534307,0.5862457309816809,1.6485945217085423,2.5080570851073194,-1.917102929926794,-2.0421124685750778,-0.44200515348007585
4935919071673,Red,ドラゴン　レセルバ,スペイン,カタルーニャ,カベルネ　ソーヴィニヨン、テンプラニーリョ、メルロ、その他,2015,750.0,1700.0,2.820034,5.9345927,4.728743475388824,-1.5070075859142502,1.196693550252948,1.9297938803479635,0.3465060710802884,-1.6512514160099754,2.0220193835579363,0.14294857649954207
4935919071758,Red,オノロ　ベラ,スペイン,カラタユード,ガルナッチャ,2022,750.0,1800.0,2.3304467,5.6709814,7.738600967562981,-0.4718447612736609,2.9763756704788378,0.645252185075387,-1.4238386282602715,0.7592171201381288,-2.7401338264313733,-1.4301717347560925
4935919071802,Red,パルデバジェス　ティント　プリエト　ピクード,スペイン,レオン,プリエト　ピクード,2021,750.0,1900.0,3.375346,6.1754913,3.6806481417492023,-1.5451255426353334,-0.019550874051519073,0.21375528369462066,1.8463633458108533,-1.176476208250756,1.0099561074728471,-0.8015904882649861
4935919071819,Red,ガバルダ　ウノ,スペイン,カリニェナ,ガルナッチャ、シラー,2021,750.0,1300.0,3.4723654,5.051501,4.172812602805684,-0.6208872435379035,-0.8873047623849549,1.8896484970683713,2.7665859874486665,0.11893774875869925,-1.3964402866979602,-1.5141439762774753
4935919072052,Red,ラ フラウタ デ バルトロ ティント,スペイン,フミーリャ,モナストレル,2021,750.0,1400.0,1.9831884,5.4895163,6.518015356263163,-2.1057047536306954,2.5709096174269535,-1.4596186410904464,-3.0425105699900516,-0.5752942440415802,-2.2024739922646677,-2.4817845097127655
4935919072069,White,ラ　フラウタ　デ　バルトロ　ブランコ,スペイン,フミーリャ,ソーヴィニヨン　ブラン、ビウラ、モスカテル、,2023,750.0,1400.0,6.130742,2.471722,-4.507932114597632,1.5789457916215535,5.339611427710525,1.1568028511821058,-2.0181216349360898,0.5913958099307304,-3.8720756362793627,-0.9814441093077472
4935919072076,White,オノロ　ベラ　ルエダ,スペイン,ルエダ,ベルデホ,2023,750.0,1900.0,3.996776,2.2207592,-7.23169031526148,-2.772152779632831,-2.3932199741370357,-1.00181967188088,1.2174457638303502,-0.4328207707965327,-0.5728148762292411,1.497732381121099
4935919072083,White,ガバルダ　シャルドネ,スペイン,カリニェナ,シャルドネ,2022,750.0,1400.0,6.1683517,2.8628807,-2.944782251583178,0.004073973585732677,5.577796312425234,-1.2128303813857086,-1.0052481206737285,1.6232205735102536,-2.8005369564248723,0.9046037511435682
4935919072304,Red,オノロ　ベラ　フミーリャ　モナストレル,スペイン,フミーリャ,モナストレル,2022,750.0,1900.0,3.2539825,6.007823,4.202078591542257,-3.4913132164536527,-2.5062581121180374,1.7644676318102082,-0.08911246491296354,0.9791084230606562,-0.3413532203663511,-0.35819554504827505
4935919072311,Red,オノロ　ベラ　オーガニック,スペイン,フミーリャ,モナストレル,2022,750.0,1900.0,3.0048563,6.2487383,5.347505841212005,-2.2451045614643825,-1.6536441504581088,1.4534556092231325,0.48877991399334325,0.39821800813926,-0.46081283789392413,-1.392258266357035
4935919072472,Red,オノロ　ベラ　リオハ,スペイン,リオハ,テンプラニーリョ,2021,750.0,1900.0,3.266678,3.3623986,-1.8076758786699936,-4.579778357720366,-4.591977503675433,-2.545398323804169,-0.1473347126997006,1.2745929695275828,-1.2042631422918466,1.2543096744614934
4935919072571,Red,ゴタ　デ　アレーナ,スペイン,カスティーリャ　イ　レオン,テンプラニーリョ（ティンタ　デ　トロ）,2021,750.0,2000.0,3.0871127,2.9964278,-1.311705954179078,-5.514953163755909,-6.0095074154797254,-3.4212890722172746,1.3938634399779235,2.7929945306696413,-2.6532574411033267,3.1304664418149835
4935919072663,White,エル　フィスゴン　ルエダ　ベルデホ,スペイン,ルエダ,ベルデホ、他,2023,750.0,2000.0,4.2736487,2.4300494,-5.698957109163815,-2.3239173920670457,-0.4530462493605537,-1.454938877103848,0.16767245798810712,0.630403118244993,0.2506318209580318,0.09101071363536276
4935919072670,White,シゲ　アル　コネホ　ブランコ　マカベオ,スペイン,その他の地域（スペイン）,マカベオ,2022,750.0,1500.0,5.552189,1.3450657,-6.333512729703711,0.12235548914489386,3.7829988259517613,2.787774675608133,6.728128972065362,0.10274351565968068,0.06143784214818708,-1.582948942117896
4935919072687,White,エル　ニーニョ　イ　ラ　ルナ　ブランコ,スペイン,その他の地域（スペイン）,シャルドネ、マカベオ,2022,750.0,1650.0,6.0647097,1.5750201,-5.187888195892738,0.6198678840849701,5.8938550983793005,1.8486977448828312,-1.8789467883300126,1.4086463321562919,0.2740932885546282,-0.7757761375613954
4935919072694,Red,シゲ　アル　コネホ　ブランコ　ガルナッチャ,スペイン,その他の地域（スペイン）,ガルナッチャ,NV,750.0,1500.0,2.6922174,5.113873,6.003075527660182,-1.5406914704378072,1.0528925757521408,-1.3877255106593114,0.9460783688537202,-2.733266185843892,-0.6007158898513582,0.8492808097891423
4935919072700,Red,エル　ニーニョ　イ　ラ　ルナ　ティント,スペイン,その他の地域（スペイン）,テンプラニーリョ、カベルネ　ソーヴィニヨン、ガルナッチャ,2023,750.0,1650.0,3.2190309,5.2267475,2.637072820761524,-1.3396209960520575,-2.360133864722441,2.1672065229264112,1.822435532521767,0.6239671825657608,-1.4677752261971309,-2.034587871433024
4935919072830,Spa,ドラゴン　カバ　グラン　トラディション　ブルット,スペイン,カバ,マカベオ40％、チャレッロ30％、パレリャーダ30％,NV,750.0,1500.0,5.0553493,3.0769117,-4.909187631578494,1.3837413951868631,-0.7507600699943645,-1.367928854883467,-0.4001535596880874,-0.6096803602815053,2.080026306750254,0.396503424718805
4935919072847,Red,エル　ネン　デル　セラー,スペイン,モンサン,ガルナッチャ、カリニェナ、シラー、テンプラニーリョ,2021,750.0,1900.0,1.95929,4.870073,4.253680348489485,-2.644727391441896,2.044586242958886,-2.936252375903628,-0.9255633419470984,-1.335533136800462,0.5739149156254623,-5.221110045861348
4935919072854,Red,エル　ビヒア　デ　ラ　アタラヤ　オーガニック,スペイン,アルマンサ,ガルナッチャ　ティントレラ,2023,750.0,2000.0,3.829134,5.3656726,11.015259828896703,8.164590419551278,-5.105695324659671,3.7080069580473514,3.4432971254846914,2.793547882675099,-6.294344683637615,-1.1317151042646811
4935919072946,Red,コモロコ　オーガニック　SO2無添加,スペイン,フミーリャ,モナストレル,2023,750.0,2000.0,2.7111113,6.3427143,9.093200742358729,-1.9957512751602757,1.1326203158079615,1.355056055844338,1.043861180182074,-2.1860811271302816,0.08665953676646572,-2.0358337430155355
4935919072977,Spa,シゲ　アル　コネホ　ブランコ　ブルット,スペイン,その他の地域（スペイン）,アイレン、シャルドネ、マカベオ,NV,750.0,1600.0,5.889713,3.1151125,-1.7605945702706634,10.838564474343597,6.901330878514744,-0.6123232933881227,-5.8507111419102555,-3.284000949231826,-4.482809952113011,7.495537566360362
4935919073011,Rose,メディオディア　ロサド,スペイン,ナバラ,カベルネ　ソーヴィニヨン、メルロ、ガルナッチャ、他,2023,750.0,1700.0,3.5707204,6.520956,-1.7977401894828133,-0.11177800480024198,3.3610795316469644,1.9566920196540356,6.504702398655624,-1.2748357595046538,1.4725582417344993,-2.33369305420344
4935919073028,Red,マナデーロ　コレクシオン　デ　パルセラス,スペイン,カリニェナ,ガルナッチャ,2018,750.0,2000.0,3.2327826,6.475112,4.546502598093283,-2.285644815170088,-0.37863572520742467,1.3843822319192962,2.593227854903625,-2.381158355117736,1.476721248237051,-1.0482487692245983
4935919073035,Red,ラ　ヴァディーナ,スペイン,カリニェナ,ガルナッチャ、カリニェナ,2020,750.0,1900.0,3.4003162,3.534687,-0.31401058822264327,-2.0745755002735304,-1.1295124555809872,-1.1925814135275898,-1.8356357351358095,5.085103387942082,-1.6082747362437526,-1.3922780500942487
4935919073042,Rose,オノロ　ベラ　ロサド,スペイン,フミーリャ,テンプラニーリョ、シラー,2023,750.0,1900.0,5.8056664,1.4506086,-5.90703680315534,-1.014563250204435,2.346643802398636,2.613102615678781,2.1770060672481177,-0.3889305940358366,0.7540577106019422,-1.379183556991379
4935919073059,Red,カステロ　アフルタード　テンプラニーリョ,スペイン,ルエダ,テンプラニーリョ,2023,750.0,1800.0,3.092605,6.4806914,6.069744155834716,1.2910295098395528,-0.26944924128824954,1.2304566880021408,4.8406150651276665,0.7779586346323811,-2.3339042729313735,-1.8877943902403278
4935919080118,Red,カベルネ　ソーヴィニヨン　グラン　レセルバ,チリ,マイポ　ヴァレー,カベルネ　ソーヴィニヨン、他,2021,750.0,1800.0,1.9933288,5.711239,6.007429877686453,-1.4567090004099004,3.7895913202060396,0.0440274771179501,-4.665927628082703,-0.9044063865170161,0.44561469533975334,-2.5656765089414475
4935919080163,White,ラ　ミシオン　デ　ピルケ　シャルドネ　レセルバ,チリ,マイポ　ヴァレー,シャルドネ,2023,750.0,1400.0,5.6426497,1.7680044,-5.675736971904661,-1.3179266831128602,1.1435116394565434,0.35249618686584433,1.375919818168435,0.8265685732497108,0.030044100352967645,-0.6507030116162305
4935919080200,Red,エスピノ　カベルネ　ソーヴィニヨン,チリ,マイポ　ヴァレー,カベルネ　ソーヴィニヨン、他,2020,750.0,2000.0,2.4843035,6.369168,8.47427930887938,-3.06333275778053,1.7428180429103781,0.8614721771142819,-0.4373165092988519,-3.8815356690660954,4.00271422990875,-0.5539601447351459
4935919080293,White,ソーヴィニヨン　ブラン　レセルバ,チリ,エルキ　ヴァレー,ソーヴィニヨン　ブラン,2022,750.0,1500.0,5.935088,1.1809359,-5.995339763907257,2.5703618776133363,5.4563336993945,7.611596811885183,6.71870588066414,-0.46791769293271,-0.5271080531613361,-0.15177204537211916
4935919080316,Red,サンジョヴェーゼ　レセルバ,チリ,エルキ　ヴァレー,サンジョヴェーゼ,2020,750.0,1600.0,3.4798782,5.70607,4.369036006799971,1.4325535482704503,-1.4073189013181957,7.470584964822792,0.6394286504217941,0.6624040911858423,0.9482107488700677,1.2043282889832907
4935919080354,Red,ラ　ミシオン　デ　ピルケ　カベルネ　ソーヴィニヨン　レセルバ,チリ,マイポ　ヴァレー,カベルネ　ソーヴィニヨン85％、カベルネ　フラン15％,2022,750.0,1400.0,3.4910984,3.9032664,1.6098665390088094,-2.965389662637545,-2.9384422001851576,-1.8945472740408928,-0.5436717283383786,-2.17387201915343,1.8922794488769936,1.4932606844181873
4935919080378,White,ヴィオニエ　レセルバ,チリ,エルキ　ヴァレー,ヴィオニエ,2022,750.0,1500.0,5.9305935,2.229914,-1.252044671468574,3.8472682596601904,10.67570907720696,2.362702933718364,-0.22578831040915923,-0.4440056006863876,-0.15466000754212814,3.2568501726395813
4935919080385,Red,メルロ　レセルバ,チリ,エルキ　ヴァレー,メルロ,2020,750.0,1600.0,2.693769,5.814531,10.76595077863989,-1.057710639556669,-0.37123558583673866,4.307400197365923,3.662400195769414,0.291295268515177,-3.128613232198701,-6.596480817307227
4935919080392,White,シャルドネ　レセルバ,チリ,エルキ　ヴァレー,シャルドネ,2023,750.0,1600.0,5.628112,1.5476513,-6.012896012564261,-0.20185946282105582,2.4234273249818457,0.15861958697764134,0.6388282810869664,0.5080300722080149,1.110728108404489,-1.5392142410524328
4935919080415,White,エスピノ シャルドネ,チリ,マイポ　ヴァレー,シャルドネ,2022,750.0,2100.0,6.117079,1.8193171,-4.935286800413186,-0.7611009749327265,1.7994317957144967,1.4751697444662157,0.40673120990302397,1.7514295074992545,0.8783749791584925,0.8574450340911131
4935919080446,White,ペドロ　ヒメネス　レセルバ,チリ,エルキ　ヴァレー,ペドロ　ヒメネス,2022,750.0,1400.0,5.953753,1.3365291,-4.3406839168176665,-1.1705102092369726,4.6234615039398905,0.6971470415288699,1.0211586100267713,-1.385433319185875,3.0350245636201265,-0.8314197374577237
4935919080644,Red,ピノ　ノワール　レセルバ,チリ,エルキ　ヴァレー,ピノ　ノワール,2020,750.0,1900.0,3.3031957,2.8664331,-1.7940660565969209,-5.502698649771579,-8.3775271494026,-4.130782449958838,0.7222496284695882,2.0468615936166557,-3.5430148871784906,6.799702493889689
4935919080668,Red,ドンナ　マリア　シラー　アパッシメント,チリ,エルキ　ヴァレー,シラー,2019,750.0,1900.0,2.563433,6.5254035,10.287295813520975,0.8604916463325404,1.1981076505905026,2.7653126596800215,2.026382665761068,-6.4735325497409155,2.7260467871211485,1.2222137185242303
4935919080903,White,シャルドネ　グラン　レセルバ,チリ,マイポ　ヴァレー,シャルドネ,2023,750.0,1700.0,5.8486686,1.13853,-5.686706681641575,0.7451442548746873,5.784430414940463,8.200939198263427,18.430921439993014,3.849466069425954,-4.098020710375534,2.778841117196474
4935919080910,Red,ピノ　ノワール　グラン　レセルバ,チリ,マイポ　ヴァレー,ピノ　ノワール,2022,750.0,1900.0,4.1814933,4.7654486,0.7815739554444444,-1.361726584159206,-1.5736214105424764,3.1929938804128755,0.8472095443948834,0.39268146090810085,0.7912958874232545,-1.5514443898189183
4935919080927,Red,メルロ　グラン　レセルバ,チリ,マイポ　ヴァレー,メルロ,2020,750.0,1800.0,2.6603737,6.1339374,6.262684744781652,-2.618258310743434,-0.9188965573970498,3.0218346532039018,-0.4175292391716947,-1.3199154815570249,2.77635296795037,-1.8264603299357594
4935919080965,White,ソーヴィニヨン　ブラン　グラン　レセルバ,チリ,マイポ　ヴァレー,ソーヴィニヨン　ブラン,2023,750.0,1800.0,5.7955327,1.0814683,-3.746203173078965,-0.6795826778971786,4.618441625184153,2.055522270603528,4.316364750128669,-2.136575076705502,1.689185049010831,-1.3985496408321874
4935919092364,Red,シャトー　デ　ゼサール　ルージュ,フランス,シュッド　ウェスト,メルロ７０％、カベルネ　フラン３０％,2020,750.0,1600.0,2.7421339,4.563382,4.622925158387347,-2.8906652536145785,-0.5360433231071471,-0.23844354850876592,-1.6395745763305802,0.44284419708438405,1.0958854277874985,0.30330833811424673
4935919094306,White,ミュスカデ　セーヴル　エ　メーヌ,フランス,ロワール,ムロン　ド　ブルゴーニュ,2023,750.0,2000.0,5.0598564,1.4176087,-5.969361761313846,0.11007218561530638,5.369615848606278,-1.5446312801291124,1.7788273204595817,-2.4829816214159472,1.6217169630418535,-2.2529562820110494
4935919095303,Rose,ドメーヌ デ オート ウーシュ ロゼ ダンジュ,フランス,ロワール,グロロー,2023,750.0,1700.0,4.8182955,3.5574565,-4.948597618967753,6.630462581419021,-4.018810868098055,-2.83422741102664,-0.6692716548873726,-4.02589415591578,2.713262623552021,1.9299808239025977
4935919098854,Red,エリタージュ,フランス,コート　デュ　ローヌ,グルナッシュ、シラー、その他,2021,750.0,1800.0,3.222864,3.9873805,-0.4104823836378206,-4.125260493409678,-2.385550704076422,-3.040393137200105,-0.3723156201762267,-0.01303475301454448,-0.3569507816835041,-0.806264110323999
4935919193559,White,ユルツィガー　ヴュルツガルテン　リースリング　ファインヘルプ,ドイツ,モーゼル,リースリング,2023,750.0,2000.0,4.760212,4.155326,0.7255962325732812,17.02288867603582,1.1887234245940794,-1.1725103662346885,-0.8228821920085476,-9.067225867306304,0.04460568652731791,1.7614736369449207
4935919194624,White,ヴァイスブルグンダー　ビショッフスクロイツ　トロッケン,ドイツ,ファルツ,ヴァイスブルグンダー,2022,750.0,2100.0,6.5199676,1.3398361,-7.365318801445467,3.234634725984584,-0.4047998945932883,3.859968347795354,-0.13950608603949632,-0.9461623187485729,1.5982703574580808,-1.2903176799553688
4935919197175,Red,レッド　ヴィンヤード　ドルンフェルダー,ドイツ,ファルツ,ドルンフェルダー,2022,750.0,2000.0,4.6041436,4.3292885,6.864837574191225,28.360742572795694,-9.14322133407957,-13.263886296109654,5.935084226448321,5.629769472488992,4.832782052301774,-4.167073427726871
4935919198448,White,ミュラー　トゥルガウ　フォン　レス,ドイツ,ラインヘッセン,ミュラー　トゥルガウ,2022,750.0,2000.0,5.338479,2.3925583,-8.621855240239867,6.121082916217913,-1.8701713639248956,1.2918240680983915,-11.650700648142966,-6.900853920591065,-12.741430653738618,-3.9603474098236506
4935919212762,Red,メッツオ　ベルジュラック　ルージュ,フランス,シュッド　ウェスト,メルロ８０％、カベルネ　フラン２０％,2021,750.0,1800.0,2.6050456,5.2630963,4.9676608592276805,-1.839442278746293,2.087987267552458,-0.6723011951777393,-1.1818302268228724,-1.873696844133693,1.538991553738325,0.7834746563647329
4935919212915,Red,コトー　デュ　ポン　デュ　ガール　キュヴェ　デ　ガレ,フランス,コート　デュ　ローヌ,グルナッシュ、その他,NV,750.0,1500.0,2.398949,4.381306,1.7590312803632653,-3.149127783353676,0.05079092131601786,-1.159783253111491,0.10413270679723864,-1.4763184737124435,1.1528106803138576,-0.6800032597818974
4935919213578,Red,ペイ　ドック　メルロ,フランス,ラングドック　ルション,メルロ,2021,750.0,1400.0,3.3763666,2.8548899,-3.092879024539443,-4.712878755502076,-6.935523150357417,-3.1122182800543943,0.059865141944839544,1.2086713215998295,-0.982707604386719,3.3902736526110164
4935919213813,Red,ペイ　ドック　ピノ　ノワール,フランス,ラングドック　ルション,ピノ　ノワール,2022,750.0,1600.0,3.3696904,4.19516,0.7022806211693718,-2.901534423741153,-2.472411120230107,-1.3458505223259312,0.38350994784132064,0.9623099288636711,-0.7929880092842172,-0.3350760974930696
4935919217569,Red,ペイ　ドック　カベルネ　ソーヴィニヨン　キュヴェ　ド　ブリュ,フランス,ラングドック　ルション,カベルネ　ソーヴィニヨン,2021,750.0,1600.0,3.5011704,4.552099,1.1534073166624095,-2.5354682700982236,-2.887920687699809,-1.382547447267151,0.16919451444166692,1.0220995656316416,-0.5273539904550574,-0.12892081514865003
4935919219723,White,ペイ　ドック　ヴィオニエ,フランス,ラングドック　ルション,ヴィオニエ,2023,750.0,1600.0,4.612643,1.8975208,-5.496813769665922,-1.849226004467285,-0.7689562166817794,-1.6485074721316657,1.1957476535309788,-1.99505049731451,0.9038598914478337,-0.4399053245724043
4935919310598,White,ペイ　ドック　シャルドネ,フランス,ラングドック　ルション,シャルドネ,2022,750.0,1500.0,4.5839586,2.0070634,-4.621262942198415,-2.6372786999738107,0.5464891191112078,-1.6504816929383377,-0.20357056664755704,-1.300335567716469,1.310877427000982,-0.9183284366327766
4935919311861,White,ペイ　ドック　シャルドネ,フランス,ラングドック　ルション,シャルドネ,2023,750.0,1600.0,5.1598177,1.4194814,-5.921176443659357,-1.9230409379553468,1.0860842843595067,-0.5514588162776535,1.931610271615805,0.500861188157503,0.07926005834193212,-0.9370000599419999
4935919311878,Red,ペイ　ドック　シラー,フランス,ラングドック　ルション,シラー,2022,750.0,1450.0,2.5450995,3.795618,-1.0559520588921139,-3.080323256256126,-1.270164510439841,-1.6061066283335244,2.0455567072109173,0.011650641865747416,-1.2030867450381173,-1.1404846133327653
4935919311885,Red,ペイ　ドック　メルロ,フランス,ラングドック　ルション,メルロ,2022,750.0,1450.0,2.840485,4.475209,1.1118950741545781,-2.7546066360389885,-0.7914406711733688,-2.066828271040264,-0.52338774359493,-0.1677003712554352,-0.2116508344321196,-0.2646972682194421
4935919312448,Red,ペイ　ドック　カベルネ　ソーヴィニヨン,フランス,ラングドック　ルション,カベルネ　ソーヴィニヨン,2022,750.0,1450.0,2.522066,3.9702637,2.283653261781788,-3.3994379346103925,0.2746004992789911,-2.831879651306821,-0.4087576002867561,-1.1176024809532634,0.3988594317678776,-0.6893444491541448
4935919312455,Red,ペイ　ドック　ピノ　ノワール,フランス,ラングドック　ルション,ピノ ノワール,2023,750.0,1750.0,1.9328262,5.411235,6.918692950274109,0.9195764897351646,8.753429251070397,-5.250894899267388,-3.6660458576476675,18.26140435143579,-3.05132618885425,-7.204759855415284
4935919312813,White,コート　ド　ガスコーニュ　ブラン,フランス,シュッド　ウェスト,ソーヴィニヨン　ブラン、他,2023,750.0,1600.0,4.7049184,1.9611793,-6.541019502139721,-1.3122407734024804,0.9858929468603078,-1.7059512189161172,-0.841505333099488,-1.5350822079581359,1.7610240335890175,-0.024134120322944368
4935919312981,Red,ペイ　ドック　ピノ　ノワール　キュヴェ　ド　ブリュ,フランス,ラングドック　ルション,ピノ　ノワール,2022,750.0,1700.0,2.4866421,4.6924896,2.642515082892865,-2.694383804369477,-0.5371887437776931,-2.1319668971372074,-1.2087248094528824,-0.8184726651968512,0.3871118671477746,0.09629258425202648
4935919314237,Red,マルベック　ラ　ヴィーニュ　ア　レオンス,フランス,シュッド　ウェスト,マルベック,2020,750.0,2000.0,2.5435948,5.002036,5.114977144175582,-3.649850018567546,2.6637585803996595,0.3038328509319155,0.6295615098525733,-3.2056599341610483,2.513740580325542,-1.0088356037829787
4935919314473,Red,フィトゥ,フランス,ラングドック　ルション,カリニャン、グルナッシュ、シラー,2021,750.0,1800.0,2.5580728,4.83881,2.343182115245246,-3.405053719299877,-0.903220531073797,-0.5947613283820951,0.1485217307536821,0.0657225875127799,0.5282631486692057,0.06962699651713211
4935919316262,Red,ヴァントゥー　レ　テール　ルージュ,フランス,コート　デュ　ローヌ,シラー、グルナッシュ、他,2021,750.0,2000.0,2.837309,5.427331,3.4343151191541517,-3.3156781269016626,-1.4904232173760799,0.3203368382417482,0.04281018313543769,0.8199387197019423,0.008562072264217704,-0.8047561808808131
4935919316392,Red,ヴァン　ド　ペイ　ド　メディテラネ　ルージュ　グルナッシュ,フランス,コート　デュ　ローヌ,グルナッシュ、他,2023,750.0,1700.0,2.757457,3.6425576,1.1515542388195799,-3.2597218546999134,-2.0696303316493365,-2.1290101778262436,0.49289199035787384,-1.5070138392200385,-0.47770024860450355,-0.8306568888968922
4935919318006,Red,ビュルル　エスク,フランス,コート　デュ　ローヌ,グルナッシュ、マルスラン、カラドック、シラー,2023,750.0,1700.0,3.1483188,5.113884,5.177613805886468,-1.8607193104559427,-0.5225058214421517,-0.41870788658264346,0.38614994024537136,-0.06871791758952692,-1.4919299036668474,-1.1678967469600692
4935919319140,White,ペイ　ドック　ソーヴィニヨン　ブラン,フランス,ラングドック　ルション,ソーヴィニヨン　ブラン,2022,750.0,1600.0,4.2600994,2.1619222,-8.063276001863708,-2.4572140220044445,-2.0752706973886403,-0.8380551634107934,0.6051165145183696,-0.26054106169983826,1.895472183357848,-0.015718562819307252
4935919319157,Red,ペイ　ドック　マルスラン　セパージュ　ウーブリエ　No.7,フランス,ラングドック　ルション,マルスラン,2023,750.0,1500.0,3.2469125,4.585213,1.4073644513516876,-2.8033228421891523,-0.5875144676451396,-2.567969767064445,-1.2910072696559753,1.7203245092854713,-0.06031648207227123,-1.2956933208744963
4935919319164,Red,ペイ　ドック　アリカンテ　ブーシェ　セパージュ　ウーブリエ　No.5,フランス,ラングドック　ルション,アリカンテ　ブーシェ,2022,750.0,1500.0,2.329401,3.9914074,0.8257410678196759,-3.393629264007755,1.4303128094969741,-3.09594357162447,0.18364366288556933,-1.0963787601936976,-0.73131714673822,-1.66590365020869
4935919319171,Red,ペイ　ドック　カベルネ　ソーヴィニヨン,フランス,ラングドック　ルション,カベルネ　ソーヴィニヨン,2022,750.0,1800.0,2.3673913,4.9671464,4.511301807214492,-2.3250005782092398,0.7943024076188104,-1.2933256128867334,-0.15968409605485906,-1.3678564678265577,0.43627778610767,-1.0038578026982294
4935919319843,Red,シャトー　ムーラン　クーレッシュ,フランス,ボルドー,メルロ85％、カベルネ　ソーヴィニヨン15％,2020,750.0,1800.0,3.168109,5.682794,6.567304216914137,-0.35081058537843834,-0.0844719023874552,1.2904670118687367,-0.5476313351006551,5.045779392837839,1.7004305094869283,2.557676090788576
4935919360012,White,カステロ　ダルバ　ドウロ　ブランコ,ポルトガル,ドウロ,ラビガト、ヴィオシニョ、他,2022,750.0,1800.0,6.0267324,2.5150435,-5.218376443641906,2.031501168917058,6.108876887451594,0.8444958485373457,-5.177767896543552,-1.8457312802817298,-3.9294512473820964,-1.4183840737564144
4935919360036,Red,カステロ　ダルバ　ドウロ　ティント,ポルトガル,ドウロ,トウリガ　フランカ、ティンタ　ロリス（テンプラニーリョ）、トウリガ　ナショナル,2021,750.0,1800.0,2.9235582,4.433192,2.9402945428971905,-2.929084807922526,-2.3372949646632044,-1.4104709396151083,-0.57358421656633,-0.4054873771902117,-0.45837076120263315,-0.10605075772756864
4935919360210,Red,ベイラ　ティント,ポルトガル,ベイラ　インテリオール,ティンタ　ロリス、トゥリガ　ナショナル、他,2022,750.0,1900.0,3.0043712,4.984583,4.506450194341421,-0.5618017623319412,-1.2903257662281513,-0.23705732381524255,1.2107215061480021,-1.3724717679725658,-0.857701536797924,-0.003556143363124294
4935919360258,White,ベイラ　ブランコ,ポルトガル,ベイラ　インテリオール,シリア、フォンテ　カル,2023,750.0,1900.0,5.984701,1.5110518,-3.834092530666153,-1.5036187752629104,3.0257127347651704,-0.25843484442673814,0.3258650131855346,-1.3311858036393385,2.688525237242584,-0.49422459689299697
4935919360289,White,アルトス　ダ　ベイラ　ブランコ,ポルトガル,ベイラ　インテリオール,シリア、フォンテ　カル,2023,750.0,1500.0,4.1059313,2.0078192,-7.989755356226529,-2.131241090243377,-1.4585978358856133,-1.3670139850766294,-0.07058062553716868,0.861520199279115,1.1666771098965867,0.2708207739600384
4935919940337,Red,パッソ　デイ　カプリオーリ　トスカーナ　ロッソ,イタリア,トスカーナ,サンジョヴェーゼ70%、メルロ30%,2021,750.0,1800.0,3.7467232,6.0058084,3.9503863841730964,-1.8231844446169685,-6.267046243412379,6.472648687164455,-0.6275424201625494,2.6028989770127207,-1.6829925908919265,0.2794820100395092
4935919940399,Rose,チェラズオーロ　ダブルッツォ　スペリオーレ,イタリア,アブルッツォ,モンテプルチャーノ,2023,750.0,2000.0,6.7021403,1.7744281,-3.2786327351520863,-0.058207545507234816,-1.9556476422969857,4.441841533256542,-2.6701184223056575,1.824270276721763,2.758109345281047,-0.15701273997915846
4935919940412,White,コルテーゼ　アルト　モンフェッラート　グラッフィティ,イタリア,ピエモンテ,コルテーゼ,2023,750.0,1600.0,5.463963,1.2449791,-7.24761550483326,-0.447626321014287,0.44362311635576857,-1.215348123899252,0.2618581257330235,0.5453643478313998,0.5815268698855401,-1.6775869051532386
4935919940610,Red,カーザ　バリコーニ　サンジョヴェーゼ,イタリア,プーリア,サンジョヴェーゼ,2023,750.0,1300.0,3.7103636,3.2845914,-1.81568224332089,-1.8416279234586714,-4.858946547158379,-2.3877561867126302,-0.5796429626842525,0.8471940647547452,-0.7755300578866929,1.3223694900629925
4935919940658,Rose,ファンティーニ　チェラズオーロ　ダブルッツオ,イタリア,アブルッツォ,モンテプルチャーノ,2023,750.0,1900.0,3.6339433,2.5603793,-8.109201987644289,-3.932173312642655,-6.5733722543013675,-3.5887056263940944,-0.3648905749838982,1.8137077358704763,-0.5828402204028249,4.613419593914689
4935919961547,White,フェフェ　コンテ　トロザン　ブラン,イタリア,シュッド　ウェスト,ユニ　ブラン５０％、コロンバール５０％,2023,750.0,1300.0,5.1446104,1.7093905,-6.732974932171864,-0.07279476989813748,1.4887491798792303,-0.5531383807961691,1.439924891511265,-0.4661751318530488,1.5769267507544298,0.2800408528906347
4935919961554,Red,フェフェ　ヴァン　ド　フランス　ルージュ,フランス,ラングドック　ルション,グルナッシュ、シラー,2023,750.0,1250.0,2.4912171,3.5243237,-0.22185724028269826,-2.786061582323694,0.12993756239291218,-2.8465285455092997,-0.32075799827665347,-0.9150061041501405,0.8797095152931594,-0.23446840745840705
4935919961592,Red,シャトー　レ　ヴァレー　ルージュ,フランス,ボルドー,メルロ70％、カベルネ　ソーヴィニヨン30％,2022,750.0,1900.0,2.2708943,4.1325703,5.197475984224438,-3.801515813512528,1.692614891523182,-1.7186492580379689,-1.0808003728929214,-3.9032073704838988,2.581423102144924,0.7839692266046694
4935919962865,Red,ヴュー　シャトー　ルネサンス,フランス,ボルドー,メルロ70％、カベルネ　ソーヴィニヨン30％,2022,750.0,2000.0,2.770164,5.1542654,6.0460163822280855,-3.2628206803458903,1.609872786392764,-1.2077592712313785,-1.1601952974532974,-1.8718259176604364,0.7418421175046641,-0.5655078525060344
4935919980012,Spa,キシナウル　ヴェキ　スプマン　ブリュット,モルドバ,コドゥル,シャルドネ、フェテアスカ　レガーラ、アリゴテ,NV,750.0,1800.0,5.106805,2.9867065,-2.876446307638404,3.4485669741030396,3.0197079597874046,-2.611684879191003,-1.511580508860086,4.684151879881631,2.094664354772437,0.22559427347212457
4935919980029,Spa,キシナウル　ヴェキ　スプマン　デミセック,モルドバ,コドゥル,シャルドネ、フェテアスカ　レガーラ、アリゴテ,NV,750.0,1800.0,4.813069,3.964986,-1.2590660074027913,21.604301944702026,-6.854954030760642,-4.305930059681825,1.988017521157084,-2.080329031651075,4.2880244983356794,0.25689837306384716
4935919980043,White,ソーヴィニヨン　ブラン,モルドバ,モルドバ全域,ソーヴィニヨン　ブラン,2023,750.0,1400.0,5.7666197,2.3494442,-4.052829193508726,2.2951865535567095,6.604027120975018,0.7151955744000447,2.4948787945207025,2.3144989562798024,-0.2926177266381935,2.4478192848664118
4935919980050,White,リースリング　デ　ライン,モルドバ,モルドバ全域,リースリング,2023,750.0,1400.0,6.269597,2.4966347,-5.930306215405154,4.565059343397327,6.370456982534702,3.562805039459079,-3.767097938178807,0.9035125684181166,-6.660190075475548,-0.05671389802189214
4935919980067,White,シャルドネ,モルドバ,モルドバ全域,シャルドネ,2023,750.0,1400.0,3.923026,2.1474235,-7.333028192793292,-3.0942719912115835,-3.7152298815302482,-2.0722841264940195,0.17716755919248772,0.7051874275138659,0.21906189614884153,1.372923094994653
4935919980098,Red,カベルネ　ソーヴィニヨン,モルドバ,モルドバ全域,カベルネ　ソーヴィニヨン,2022,750.0,1400.0,3.4422498,2.8644693,-3.5641580080887,-3.9551832803339204,-8.49714430416342,-3.3223476144211452,-1.0039757719155,2.059404266115425,-1.251920323504922,5.1628074138910165
4935919980135,Red,インディヴィド　メルロ　カベルネ　ソーヴィニヨン,モルドバ,モルドバ全域,メルロ、カベルネ　ソーヴィニヨン,2021,750.0,1800.0,2.2080247,5.1169505,5.518986791583315,-1.9988563594069297,1.7228065156849954,0.052843379821862074,-1.8635244971022442,-2.1225629902223626,1.1673050372389397,1.7489142774365847
8410396780219,Red,テンプラニーリョ　ドラゴン　ビノ　デ　ラ　ティエラ,スペイン,カスティーリャ　イ　レオン,テンプラニーリョ,2021,750.0,1400.0,2.931888,3.5857687,0.21478198095996434,-2.9519181436555204,-1.927145793486185,-1.5530664768200364,-0.050249216129427336,0.17808152271127986,-0.22651605953572107,-0.4965025932113049
blendF,Rose,blendF,,,,,,,4.043456,3.9526029,0.6209339861732336,2.5902186078762175,2.766136971413125,-1.446322158701515,-4.17215131647911,-0.5720680443019508,-3.634498985770048,-1.4156787099610897
